{
  "$schema": "http://json-schema.org/draft-07/schema",
  "properties": {
    "prometheus": {
      "type": "object",
      "allOf": [
        {
          "if": {
            "properties": {
              "createTargets": {
                "type": "boolean",
                "const": false
              }
            }
          },
          "then": {
            "properties": {
              "createAlerts": {
                "type": "boolean",
                "const": false
              }
            }
          }
        },
        {
          "if": {
            "properties": {
              "autodetect": {
                "type": "boolean",
                "const": false
              }
            }
          },
          "then": {
            "properties": {
              "namespace": {
                "type": "string",
                "minLength": 1
              }
            }
          }
        },
        {
          "if": {
            "properties": {
              "autodetect_am": {
                "type": "boolean",
                "const": false
              }
            }
          },
          "then": {
            "properties": {
              "namespace_am": {
                "type": "string",
                "minLength": 1
              }
            }
          }
        }
      ]
    }
  }
}
