{
  "type": "sh.keptn.event.production.remediation.triggered",
  "specversion": "1.0",
  "source": "https://github.com/keptn/keptn/prometheus-service",
  "id": "f2b878d3-03c0-4e8f-bc3f-454bc1b3d79d",
  "time": "2019-06-07T07:02:15.64489Z",
  "contenttype": "application/json",
  "data": {
    "project": "sockshop",
    "stage": "production",
    "service": "carts",
    "problem": {
      "problemTitle": "response_time_p90",
      "rootCause": "Response time degradation"
    }
  }
}